Lowest_gadm_level_entered,ADM0_name,ADM1_name,ADM1_code,ADM2_name,ADM2_code,ADM3_name,YEAR,YEAR_END,MONTH,MONTH_END,WEEK,DAY,CASES,DEATHS,"Human-Human (1), Zoonotic (0), Unknown (NA)",OCCUPATION,AGE,GENDER,NOTES,Source,Source2,A_NOTES
1,BEN,Borgou,BEN.4_1,,,,2016,,1,5,NA,,NA,16,NA,,,,,,,Ask
1,BEN,Alibori,BEN.1_1,,,,2016,,1,5,NA,,3,1,NA,,,,,,,Ask
1,BEN,Atlantique,BEN.3_1,,,,2016,,1,5,NA,,1,0,NA,,,,,,,Ask
1,BEN,Borgou,BEN.4_1,,,,2016,,1,5,NA,,31,NA,1,five healthcare workers,,,,,,Ask
1,BEN,Collines,BEN.5_1,,,,2016,,1,5,NA,,6,3,NA,,,,,,,Ask
1,BEN,Donga,BEN.6_1,,,,2016,,1,5,NA,,7,5,NA,,,,,,,Ask
1,BEN,Littoral,BEN.8_1,,,,2016,,1,5,NA,,1,0,NA,,,,,Promed 20160227.4054108,,Ask
1,BEN,OuÃ©mÃ©,BEN.10_1,,,,2016,,1,5,NA,,2,1,NA,,,,,,,Ask
1,BEN,Plateau,BEN.11_1,,,,2016,,1,5,NA,,3,2,NA,,,,,,,Ask
1,BEN,Borgou,BEN.4_1,,,,2018,,12,,NA,,6,0,NA,,,,,Promed 20181228.6225335,,
0,DEU,,,,,,2000,,4,,NA,,1,1,NA,Nigerian national,,,case imported from Nigeria,Promed 20000424.0609,,
0,DEU,,,,,,2000,,1,,NA,,1,1,NA,student,23,F,case imported from either CÃ´te d'Ivoire or Ghana,Promed 20000115.0052,,
0,DEU,,,,,,2006,,7,,NA,,1,0,NA,,,M,case imported from Sierra Leone,,,Ask
0,DEU,,,,,,2016,,3,4,NA,,1,0,NA,,,,,Promed 20160428.4190457,,
0,DEU,,,,,,2016,,3,,NA,,1,1,1,healthcare worker,47,M,case imported from Togo,Promed 20160324.4115285,,
0,GBR,,,,,,2003,,2,,NA,,1,0,NA,soldier stationed in West Africa,,M,case imported from Sierra Leone,Promed 20030211.0371,,
1,GIN,Mamou,GIN.7_1,,,,2019,,1,,NA,,1,0,NA,,35,M,,Promed 20190203.6292809,,
2,LBR,Lofa,LBR.8_1,Zorzor,LBR.8.6_1,,1972,,,,NA,,11,4,1,healthcare workers,,,,Monath et. al 1973,,
2,LBR,Lofa,LBR.8_1,Zorzor,,,1980,1982,,,NA,,176,35,NA,,,,,,,Ask
0,LBR,,,,,,2006,,5,9,NA,,10,7,1,healthcare workers,,,,Promed 20061001.2812,,
0,LBR,,,,,,2007,,4,,NA,,13,5,NA,,,,"counties of Bong, Lofa, and Nimba",Promed 20070430.1406,,
1,LBR,Bong,LBR.2_1,,,,2013,,7,9,NA,,12,8,NA,,,,,Promed 20130911.1937742,,
0,LBR,,,,,,2016,,1,4,NA,,7,NA,NA,,,,,Promed 20160520.4233773,,
0,LBR,Bong,LBR.2_1,Suakoko,,,2016,,2,6,NA,,14,4,,,,,,,,Ask
0,LBR,,,,,,2017,2017,1,1,NA,,33,15,NA,,,,"Counties: Bong, Grand Bassa, Grand Kru, Lofa, Margibi, and Nimba",,,Ask
2,NGA,Plateau,NGA.32_1,Jos East,NGA.32.4_1,,1970,,1,2,NA,,32,13,1,,,,,Carey et. al 1972,,Clarify transmission?
1,NGA,Imo,NGA.17_1,,,,1989,,3,,NA,,4,,NA,,,,,Fisher-Hoch et al 1995,,Clarify?
1,NGA,Imo,NGA.17_1,,,,1989,,3,,NA,,NA,22,NA,,,,,Fisher-Hoch et al 1995,,
1,NGA,Imo,NGA.17_1,,,,1989,,3,,NA,,30,NA,1,"21 patients, 9 healthcare workers",,,,Fisher-Hoch et al 1995,,
0,NGA,,,,,,2012,,,,NA,,169,107,NA,,,,,,,Ask
0,NGA,,,,,,2012,,,,NA,,101,NA,NA,,,,,,,Ask
0,NGA,,,,,,2012,,,,NA,,NA,70,NA,,,,,,,Ask
0,NGA,,,,,,2012,,,,NA,,7,NA,1,seven healthcare workers,,,,,,Ask
1,NGA,Ebonyi,NGA.11_1,,,,2013,,,,38,,3,0,1,Doctors,,,Reported nosicomial,Promed 20131018.2009142,,
0,NGA,,,,,,2013,,,,NA,,154,34,NA,,,,weeks 1-38,Promed 20131018.2009142,,
1,NGA,Bauchi,NGA.5_1,,,,2017,,2,,6,,1,1,NA,,,,,NCDC Weekly SitRep 2017 Wk. 6,,
1,NGA,Ebonyi,NGA.11_1,,,,2017,,2,,6,,2,1,NA,,,,,NCDC Weekly SitRep 2017 Wk. 6,,
1,NGA,Edo,NGA.12_1,,,,2017,,2,,6,,1,0,NA,,,,,NCDC Weekly SitRep 2017 Wk. 6,,
1,NGA,Nassarawa,NGA.26_1,,,,2017,,2,,6,,2,0,NA,,,,,NCDC Weekly SitRep 2017 Wk. 6,,
1,NGA,Ogun,NGA.28_1,,,,2017,,2,,6,,1,0,NA,,,,,NCDC Weekly SitRep 2017 Wk. 6,,
1,NGA,Ondo,NGA.29_1,,,,2017,,2,,6,,2,0,NA,,,,,NCDC Weekly SitRep 2017 Wk. 6,,
0,NGA,,,,,,2017,,2,,7,,10,6,NA,,,,,NCDC Weekly SitRep 2017 Week 7,,
0,NGA,,,,,,2017,,2,,8,,6,0,NA,,,,,NCDC Weekly SitRep 2017 Week 8,,
1,NGA,Borno,NGA.8_1,,,,2017,,2,3,9,,1,0,NA,,,,,Promed 20170302.4875164,,
1,NGA,Ondo,NGA.29_1,,,,2017,,2,3,9,,2,1,NA,,,,,,,Ask
1,NGA,Taraba,NGA.35_1,,,,2017,,2,3,9,,1,0,NA,,,,,,,Ask
0,NGA,,,,,,2017,,3,,10,,18,0,NA,,,,,NCDC Weekly SitRep 2017 Week 10,,
0,NGA,,,,,,2017,,3,,11,,4,0,NA,,,,,Promed 20170402.4943005,,
0,NGA,,,,,,2017,,3,,12,,3,2,NA,,,,,Promed 20170402.4943005,,
0,NGA,,,,,,2017,,3,,13,,9,2,NA,,,,,NCDC Weekly SitRep 2017 Week 13,,
1,NGA,Edo,NGA.12_1,,,,2017,,4,,14,,1,0,NA,,,,,NCDC Weekly SitRep 2017 Week 14,,
1,NGA,Bauchi,NGA.5_1,,,,2017,,4,,15,,1,0,NA,,,,,NCDC Weekly SitRep 2017 Week 15,,
1,NGA,Edo,NGA.12_1,,,,2017,,4,,15,,2,0,NA,,,,,NCDC Weekly SitRep 2017 Week 15,,
1,NGA,Enugu,NGA.14_1,,,,2017,,4,,15,,1,0,NA,,,,,NCDC Weekly SitRep 2017 Week 15,,
1,NGA,Kaduna,NGA.19_1,,,,2017,,4,,15,,1,0,NA,,,,,NCDC Weekly SitRep 2017 Week 15,,
1,NGA,Kano,NGA.20_1,,,,2017,,4,,15,,2,0,NA,,,,,NCDC Weekly SitRep 2017 Week 15,,
1,NGA,Nassarawa,NGA.26_1,,,,2017,,4,,15,,1,0,NA,,,,,NCDC Weekly SitRep 2017 Week 15,,
1,NGA,Ondo,NGA.29_1,,,,2017,,4,,15,,1,0,NA,,,,,NCDC Weekly SitRep 2017 Week 15,,
1,NGA,Kano,NGA.20_1,,,,2017,,4,,17,,2,1,NA,,,,,NCDC Weekly SitRep 2017 Week 17,,
1,NGA,Edo,NGA.12_1,,,,2017,,5,6,22,,2,0,NA,,,,,NCDC Weekly SitRep 2017 Week 23,,
1,NGA,Anambra,NGA.4_1,,,,2017,,6,,23,,1,0,NA,,,,,NCDC Weekly SitRep 2017 Week 23,,
1,NGA,Bauchi,NGA.5_1,,,,2017,,6,,23,,0,1,NA,,,,,NCDC Weekly SitRep 2017 Week 23,,
1,NGA,Edo,NGA.12_1,,,,2017,,6,,23,,2,0,NA,,,,,NCDC Weekly SitRep 2017 Week 23,,
1,NGA,Ondo,NGA.29_1,,,,2017,,6,,23,,2,0,NA,,,,,NCDC Weekly SitRep 2017 Week 23,,
1,NGA,Edo,NGA.12_1,,,,2017,,6,,24,,1,0,NA,,,,,NCDC Weekly SitRep 2017 Week 24,,
1,NGA,Ondo,NGA.29_1,,,,2017,,6,,24,,1,0,NA,,,,,NCDC Weekly SitRep 2017 Week 24,,
1,NGA,Edo,NGA.12_1,,,,2017,,6,,26,,3,0,NA,,,,,NCDC Weekly SitRep 2017 Week 26,,
1,NGA,Ondo,NGA.29_1,,,,2017,,6,,26,,0,1,NA,,,,,NCDC Weekly SitRep 2017 Week 26,,
1,NGA,Ondo,NGA.29_1,,,,2017,,7,,27,,2,1,NA,,,,,NCDC Weekly SitRep 2017 Week 27,,
1,NGA,Plateau,NGA.32_1,,,,2017,,7,,27,,3,1,NA,,,,,NCDC Weekly SitRep 2017 Week 27,,
1,NGA,Edo,NGA.12_1,,,,2017,,7,,29,,1,0,NA,,,,,NCDC Weekly SitRep 2017 Week 29,,
1,NGA,Ondo,NGA.29_1,,,,2017,,7,,29,,2,0,NA,,,,,NCDC Weekly SitRep 2017 Week 29,,
1,NGA,Plateau,NGA.32_1,,,,2017,,7,,29,,1,0,NA,,,,,NCDC Weekly SitRep 2017 Week 29,,
1,NGA,Bauchi,NGA.5_1,,,,2017,,7,,30,,1,1,NA,,,,,NCDC Weekly SitRep 2017 Week 30,,
1,NGA,Ondo,NGA.29_1,,,,2017,,7,,30,,3,1,NA,,,,,NCDC Weekly SitRep 2017 Week 30,,
1,NGA,Plateau,NGA.32_1,,,,2017,,7,,30,,4,0,NA,,,,,NCDC Weekly SitRep 2017 Week 30,,
1,NGA,Edo,NGA.12_1,,,,2017,,7,8,31,,3,0,NA,,,,,NCDC Weekly SitRep 2017 Week 31,,
1,NGA,Lagos,NGA.25_1,,,,2017,,7,8,31,,1,1,NA,,,,,NCDC Weekly SitRep 2017 Week 31,,
1,NGA,Ondo,NGA.29_1,,,,2017,,7,8,31,,1,0,NA,,,,,NCDC Weekly SitRep 2017 Week 31,,
1,NGA,Edo,NGA.12_1,,,,2017,,8,,32,,2,0,NA,,,,,NCDC Weekly SitRep 2017 Week 32,,
1,NGA,Lagos,NGA.25_1,,,,2017,,8,,32,,4,1,NA,,,,,NCDC Weekly SitRep 2017 Week 32,,
1,NGA,Ogun,NGA.28_1,,,,2017,,8,,32,,1,0,NA,,,,,NCDC Weekly SitRep 2017 Week 32,,
1,NGA,Ondo,NGA.29_1,,,,2017,,8,,32,,1,0,NA,,,,,NCDC Weekly SitRep 2017 Week 32,,
1,NGA,Plateau,NGA.32_1,,,,2017,,8,,32,,2,0,NA,,,,,NCDC Weekly SitRep 2017 Week 32,,
1,NGA,Edo,NGA.12_1,,,,2017,,8,,33,,1,0,NA,,,,,NCDC Weekly SitRep 2017 Week 33,,
1,NGA,Kaduna,NGA.19_1,,,,2017,,8,,33,,1,1,NA,,,,,NCDC Weekly SitRep 2017 Week 33,,
1,NGA,Kwara,NGA.24_1,,,,2017,,8,,33,,1,0,NA,,,,,NCDC Weekly SitRep 2017 Week 33,,
1,NGA,Ogun,NGA.28_1,,,,2017,,8,,33,,1,0,NA,,,,,NCDC Weekly SitRep 2017 Week 33,,
1,NGA,Ondo,NGA.29_1,,,,2017,,8,,33,,2,0,NA,,,,,NCDC Weekly SitRep 2017 Week 33,,
1,NGA,Edo,NGA.12_1,,,,2017,,8,,34,,4,0,NA,,,,,NCDC Weekly SitRep 2017 Week 34,,
1,NGA,Kwara,NGA.24_1,,,,2017,,8,,34,,1,0,NA,,,,,NCDC Weekly SitRep 2017 Week 34,,
1,NGA,Lagos,NGA.25_1,,,,2017,,8,,34,,4,0,NA,,,,,NCDC Weekly SitRep 2017 Week 34,,
1,NGA,Ogun,NGA.28_1,,,,2017,,8,,34,,2,0,NA,,,,,NCDC Weekly SitRep 2017 Week 34,,
1,NGA,Ondo,NGA.29_1,,,,2017,,8,,34,,3,2,NA,,,,,NCDC Weekly SitRep 2017 Week 34,,
1,NGA,Edo,NGA.12_1,,,,2017,,8,9,35,,2,0,NA,,,,,NCDC Weekly SitRep 2017 Week 35,,
1,NGA,Edo,NGA.12_1,,,,2017,,9,,36,,1,0,NA,,,,,NCDC Weekly SitRep 2017 Week 36,,
1,NGA,Kogi,NGA.23_1,,,,2017,,9,,36,,1,1,NA,,,,,NCDC Weekly SitRep 2017 Week 36,,
1,NGA,Lagos,NGA.25_1,,,,2017,,9,,36,,1,1,NA,,,,,NCDC Weekly SitRep 2017 Week 36,,
1,NGA,Ondo,NGA.29_1,,,,2017,,9,,36,,4,0,NA,,,,,NCDC Weekly SitRep 2017 Week 36,,
1,NGA,Edo,NGA.12_1,,,,2017,,9,,37,,2,0,NA,,,,,NCDC Weekly SitRep 2017 Week 37,,
1,NGA,Edo,NGA.12_1,,,,2017,,9,,39,,1,0,NA,,,,,NCDC Weekly SitRep 2017 Week 39,,
1,NGA,Lagos,NGA.25_1,,,,2017,,9,,39,,1,0,NA,,,,,NCDC Weekly SitRep 2017 Week 39,,
1,NGA,Ondo,NGA.29_1,,,,2017,,9,,39,,1,0,NA,,,,,NCDC Weekly SitRep 2017 Week 39,,
1,NGA,Edo,NGA.12_1,,,,2017,,10,,42,,3,0,NA,,,,,NCDC Weekly SitRep 2017 Week 42,,
1,NGA,Bauchi,NGA.5_1,,,,2017,,10,,43,,1,1,NA,,,,,NCDC Weekly SitRep 2017 Week 43,,
1,NGA,Edo,NGA.12_1,,,,2017,,10,,43,,1,0,NA,,,,,NCDC Weekly SitRep 2017 Week 43,,
1,NGA,Ondo,NGA.29_1,,,,2017,,10,,43,,1,0,NA,,,,,NCDC Weekly SitRep 2017 Week 43,,
1,NGA,Edo,NGA.12_1,,,,2017,,11,,45,,1,0,NA,,,,,NCDC Weekly SitRep 2017 Week 45,,
1,NGA,Ondo,NGA.29_1,,,,2017,,11,,45,,1,0,NA,,,,,NCDC Weekly SitRep 2017 Week 45,,
1,NGA,Bauchi,NGA.5_1,,,,2017,,11,,46,,1,0,NA,,,,,NCDC Weekly SitRep 2017 Week 46,,
1,NGA,Edo,NGA.12_1,,,,2017,,11,,46,,2,0,NA,,,,,NCDC Weekly SitRep 2017 Week 46,,
1,NGA,Kaduna,NGA.19_1,,,,2017,,11,,46,,1,0,NA,,,,,NCDC Weekly SitRep 2017 Week 46,,
1,NGA,Ondo,NGA.29_1,,,,2017,,11,,46,,1,0,NA,,,,,NCDC Weekly SitRep 2017 Week 46,,
1,NGA,Edo,NGA.12_1,,,,2017,,11,,47,,1,0,NA,,,,,NCDC Weekly SitRep 2017 Week 47,,
1,NGA,Plateau,NGA.32_1,,,,2017,,11,,47,,1,0,NA,,,,,NCDC Weekly SitRep 2017 Week 47,,
1,NGA,Bauchi,NGA.5_1,,,,2017,,11,12,48,,1,0,NA,,,,,NCDC Weekly SitRep 2017 Week 48,,
1,NGA,Edo,NGA.12_1,,,,2017,,11,12,48,,5,1,NA,,,,,NCDC Weekly SitRep 2017 Week 48,,
1,NGA,Ondo,NGA.29_1,,,,2017,,11,12,48,,2,1,NA,,,,,NCDC Weekly SitRep 2017 Week 48,,
1,NGA,Edo,NGA.12_1,,,,2017,,12,,51,,1,0,NA,,,,,NCDC Weekly SitRep 2017 Week 51,,
1,NGA,Nassarawa,NGA.26_1,,,,2017,,12,,51,,1,0,NA,,,,,NCDC Weekly SitRep 2017 Week 51,,
1,NGA,Ondo,NGA.29_1,,,,2017,,12,,51,,6,0,NA,,,,,NCDC Weekly SitRep 2017 Week 51,,
0,NGA,,,,,,2018,,1,,1,,34,14,0,,,,,,,Ask
1,NGA,Ebonyi,NGA.11_1,,,,2018,,1,,2,,1,NA,0,,,,,NCDC Weekly SitRep Wk 2 2018,,
1,NGA,Ebonyi,NGA.11_1,,,,2018,,1,,2,,NA,3,0,,,,,NCDC Weekly SitRep Wk 2 2018,,
1,NGA,Anambra,NGA.4_1,,,,2018,,1,,2,,1,0,0,,,,,NCDC Weekly SitRep Wk 2 2018,,
1,NGA,Ebonyi,NGA.11_1,,,,2018,,1,,2,,3,NA,1,three healthcare workers,,,,NCDC Weekly SitRep Wk 2 2018,,
1,NGA,Edo,NGA.12_1,,,,2018,,1,,2,,4,0,0,,,,,NCDC Weekly SitRep Wk 2 2018,,
1,NGA,Ondo,NGA.29_1,,,,2018,,1,,2,,8,0,0,,,,,NCDC Weekly SitRep Wk 2 2018,,
0,NGA,,,,,,2018,,1,,3,,34,14,0,,,,,NCDC Weekly SitRep 2018 Wk 3,,
0,NGA,,,,,,2018,,1,,4,,15,2,0,,,,,NCDC Weekly SitRep 2018 Wk 4,,
1,NGA,Ondo,NGA.29_1,,,,2018,,1,2,5,,4,NA,0,,,,,NCDC Weekly SitRep 2018 Wk 5,,
1,NGA,Ondo,NGA.29_1,,,,2018,,1,2,5,,NA,2,0,,,,,NCDC Weekly SitRep 2018 Wk 5,,
1,NGA,Anambra,NGA.4_1,,,,2018,,1,2,5,,1,1,0,,,,,NCDC Weekly SitRep 2018 Wk 5,,
1,NGA,Delta,NGA.10_1,,,,2018,,1,2,5,,2,1,0,,,,,NCDC Weekly SitRep 2018 Wk 5,,
1,NGA,Edo,NGA.12_1,,,,2018,,1,2,5,,3,0,0,,,,,NCDC Weekly SitRep 2018 Wk 5,,
1,NGA,Federal Capital Territory,NGA.15_1,,,,2018,,1,2,5,,1,1,0,,,,,NCDC Weekly SitRep 2018 Wk 5,,
1,NGA,Gombe,NGA.16_1,,,,2018,,1,2,5,,1,1,0,,,,,NCDC Weekly SitRep 2018 Wk 5,,
1,NGA,Ondo,NGA.29_1,,,,2018,,1,2,5,,1,NA,1,one healthcare worker,,,,NCDC Weekly SitRep 2018 Wk 5,,
1,NGA,Osun,NGA.30_1,,,,2018,,1,2,5,,1,1,0,,,,,NCDC Weekly SitRep 2018 Wk 5,,
1,NGA,Plateau,NGA.32_1,,,,2018,,1,2,5,,2,1,0,,,,,NCDC Weekly SitRep 2018 Wk 5,,
1,NGA,Rivers,NGA.33_1,,,,2018,,1,2,5,,1,1,0,,,,,NCDC Weekly SitRep 2018 Wk 5,,
1,NGA,Bauchi,NGA.5_1,,,,2018,,2,,6,,2,2,0,,,,,NCDC Weekly SitRep 2018 Wk 6,,
1,NGA,Ebonyi,NGA.11_1,,,,2018,,2,,6,,2,0,0,,,,,NCDC Weekly SitRep 2018 Wk 6,,
1,NGA,Edo,NGA.12_1,,,,2018,,2,,6,,3,1,1,three healthcare workers,,,,NCDC Weekly SitRep 2018 Wk 6,,
1,NGA,Kogi,NGA.23_1,,,,2018,,2,,6,,2,0,0,,,,,NCDC Weekly SitRep 2018 Wk 6,,
1,NGA,Nassarawa,NGA.26_1,,,,2018,,2,,6,,1,1,0,,,,,NCDC Weekly SitRep 2018 Wk 6,,
1,NGA,Ondo,NGA.29_1,,,,2018,,2,,6,,7,2,0,,,,,NCDC Weekly SitRep 2018 Wk 6,,
1,NGA,Taraba,NGA.35_1,,,,2018,,2,,6,,2,0,0,,,,,NCDC Weekly SitRep 2018 Wk 6,,
1,NGA,Anambra,NGA.4_1,,,,2018,,2,,7,,4,0,0,,,,,NCDC Weekly SitRep 2018 Wk 7,,
1,NGA,Bauchi,NGA.5_1,,,,2018,,2,,7,,1,2,0,,,,,NCDC Weekly SitRep 2018 Wk 7,,
1,NGA,Ebonyi,NGA.11_1,,,,2018,,2,,7,,7,0,0,,,,,NCDC Weekly SitRep 2018 Wk 7,,
1,NGA,Edo,NGA.12_1,,,,2018,,2,,7,,35,0,0,,,,,NCDC Weekly SitRep 2018 Wk 7,,
1,NGA,Federal Capital Territory,NGA.15_1,,,,2018,,2,,7,,1,0,0,,,,,NCDC Weekly SitRep 2018 Wk 7,,
1,NGA,Imo,NGA.17_1,,,,2018,,2,,7,,1,0,0,,,,,NCDC Weekly SitRep 2018 Wk 7,,
1,NGA,Ondo,NGA.29_1,,,,2018,,2,,7,,19,2,0,,,,,NCDC Weekly SitRep 2018 Wk 7,,
1,NGA,Ebonyi,NGA.11_1,,,,2018,,2,,8,,18,4,0,,,,,NCDC Weekly SitRep 2018 Wk 8,,
1,NGA,Edo,NGA.12_1,,,,2018,,2,,8,,21,2,0,,,,,NCDC Weekly SitRep 2018 Wk 8,,
1,NGA,Ekiti,NGA.13_1,,,,2018,,2,,8,,1,1,0,,,,,NCDC Weekly SitRep 2018 Wk 8,,
1,NGA,Imo,NGA.17_1,,,,2018,,2,,8,,1,0,0,,,,,NCDC Weekly SitRep 2018 Wk 8,,
1,NGA,Kogi,NGA.23_1,,,,2018,,2,,8,,1,0,0,,,,,NCDC Weekly SitRep 2018 Wk 8,,
1,NGA,Nassarawa,NGA.26_1,,,,2018,,2,,8,,2,0,0,,,,,NCDC Weekly SitRep 2018 Wk 8,,
1,NGA,Ondo,NGA.29_1,,,,2018,,2,,8,,9,2,0,,,,,NCDC Weekly SitRep 2018 Wk 8,,
1,NGA,Plateau,NGA.32_1,,,,2018,,2,,8,,1,1,0,,,,,NCDC Weekly SitRep 2018 Wk 8,,
1,NGA,Ebonyi,NGA.11_1,,,,2018,,2,3,9,,7,NA,0,,,,,NCDC Weekly SitRep 2018 Wk 9,,
1,NGA,Ebonyi,NGA.11_1,,,,2018,,2,3,9,,NA,3,0,,,,,NCDC Weekly SitRep 2018 Wk 9,,
1,NGA,Bauchi,NGA.5_1,,,,2018,,2,3,9,,1,0,0,,,,,NCDC Weekly SitRep 2018 Wk 9,,
1,NGA,Ebonyi,NGA.11_1,,,,2018,,2,3,9,,2,NA,1,two healthcare workers,,,,NCDC Weekly SitRep 2018 Wk 9,,
1,NGA,Edo,NGA.12_1,,,,2018,,2,3,9,,19,2,0,,,,,NCDC Weekly SitRep 2018 Wk 9,,
1,NGA,Ondo,NGA.29_1,,,,2018,,2,3,9,,5,2,0,,,,,NCDC Weekly SitRep 2018 Wk 9,,
1,NGA,Plateau,NGA.32_1,,,,2018,,2,3,9,,1,0,0,,,,,NCDC Weekly SitRep 2018 Wk 9,,
1,NGA,Bauchi,NGA.5_1,,,,2018,,3,,10,,2,0,0,,,,,NCDC Weekly SitRep 2018 Wk 10,,
1,NGA,Ebonyi,NGA.11_1,,,,2018,,3,,10,,1,0,0,,,,,NCDC Weekly SitRep 2018 Wk 10,,
1,NGA,Edo,NGA.12_1,,,,2018,,3,,10,,3,1,0,,,,,NCDC Weekly SitRep 2018 Wk 10,,
1,NGA,Ekiti,NGA.13_1,,,,2018,,3,,10,,1,0,0,,,,,NCDC Weekly SitRep 2018 Wk 10,,
1,NGA,Kaduna,NGA.19_1,,,,2018,,3,,10,,1,1,0,,,,,NCDC Weekly SitRep 2018 Wk 10,,
1,NGA,Ondo,NGA.29_1,,,,2018,,3,,10,,2,0,0,,,,,NCDC Weekly SitRep 2018 Wk 10,,
1,NGA,Plateau,NGA.32_1,,,,2018,,3,,10,,1,1,0,,,,,NCDC Weekly SitRep 2018 Wk 10,,
1,NGA,Taraba,NGA.35_1,,,,2018,,3,,10,,1,0,0,,,,,NCDC Weekly SitRep 2018 Wk 10,,
1,NGA,Bauchi,NGA.5_1,,,,2018,,3,,11,,1,0,0,,,,,NCDC Weekly SitRep 2018 Wk 11,,
1,NGA,Ebonyi,NGA.11_1,,,,2018,,3,,11,,0,1,0,,,,,NCDC Weekly SitRep 2018 Wk 11,,
1,NGA,Edo,NGA.12_1,,,,2018,,3,,11,,2,1,0,,,,,NCDC Weekly SitRep 2018 Wk 11,,
1,NGA,Ondo,NGA.29_1,,,,2018,,3,,11,,2,0,0,,,,,NCDC Weekly SitRep 2018 Wk 11,,
1,NGA,Taraba,NGA.35_1,,,,2018,,3,,11,,4,1,0,,,,,NCDC Weekly SitRep 2018 Wk 11,,
1,NGA,Bauchi,NGA.5_1,,,,2018,,3,,12,,1,0,0,,,,,NCDC Weekly SitRep 2018 Wk 12,,
1,NGA,Ebonyi,NGA.11_1,,,,2018,,3,,12,,2,1,0,,,,,NCDC Weekly SitRep 2018 Wk 12,,
1,NGA,Edo,NGA.12_1,,,,2018,,3,,12,,5,1,0,,,,,NCDC Weekly SitRep 2018 Wk 12,,
1,NGA,Federal Capital Territory,NGA.15_1,,,,2018,,3,,12,,1,0,0,,,,,NCDC Weekly SitRep 2018 Wk 12,,
1,NGA,Gombe,NGA.16_1,,,,2018,,3,,12,,1,1,0,,,,,NCDC Weekly SitRep 2018 Wk 12,,
1,NGA,Kogi,NGA.23_1,,,,2018,,3,,12,,1,0,0,,,,,NCDC Weekly SitRep 2018 Wk 12,,
1,NGA,Ondo,NGA.29_1,,,,2018,,3,,12,,2,0,0,,,,,NCDC Weekly SitRep 2018 Wk 12,,
1,NGA,Osun,NGA.30_1,,,,2018,,3,,12,,1,0,0,,,,,NCDC Weekly SitRep 2018 Wk 12,,
1,NGA,Plateau,NGA.32_1,,,,2018,,3,,12,,1,1,0,,,,,NCDC Weekly SitRep 2018 Wk 12,,
1,NGA,Taraba,NGA.35_1,,,,2018,,3,,12,,3,2,0,,,,,NCDC Weekly SitRep 2018 Wk 12,,
1,NGA,Abia,NGA.1_1,,,,2018,,3,4,13,,1,1,0,,,,,NCDC Weekly SitRep 2018 Wk 13,,
1,NGA,Bauchi,NGA.5_1,,,,2018,,3,4,13,,1,0,0,,,,,NCDC Weekly SitRep 2018 Wk 13,,
1,NGA,Edo,NGA.12_1,,,,2018,,3,4,13,,2,0,0,,,,,NCDC Weekly SitRep 2018 Wk 13,,
1,NGA,Federal Capital Territory,NGA.15_1,,,,2018,,3,4,13,,0,1,0,,,,,NCDC Weekly SitRep 2018 Wk 13,,
1,NGA,Ondo,NGA.29_1,,,,2018,,3,4,13,,1,0,0,,,,,NCDC Weekly SitRep 2018 Wk 13,,
1,NGA,Plateau,NGA.32_1,,,,2018,,3,4,13,,1,0,0,,,,,NCDC Weekly SitRep 2018 Wk 13,,
1,NGA,Ebonyi,NGA.11_1,,,,2018,,4,,14,,1,1,1,one healthcare worker,,,,NCDC Weekly SitRep 2018 Wk 14,,
1,NGA,Edo,NGA.12_1,,,,2018,,4,,14,,3,0,0,,,,,NCDC Weekly SitRep 2018 Wk 14,,
1,NGA,Ondo,NGA.29_1,,,,2018,,4,,14,,2,1,0,,,,,NCDC Weekly SitRep 2018 Wk 14,,
1,NGA,Plateau,NGA.32_1,,,,2018,,4,,14,,1,0,0,,,,,NCDC Weekly SitRep 2018 Wk 14,,
1,NGA,Taraba,NGA.35_1,,,,2018,,4,,14,,1,1,0,,,,,NCDC Weekly SitRep 2018 Wk 14,,
1,NGA,Adamawa,NGA.2_1,,,,2018,,4,,15,,1,1,0,,,,,NCDC Weekly SitRep 2018 Wk 15,,
1,NGA,Ebonyi,NGA.11_1,,,,2018,,4,,15,,1,1,0,,,,,NCDC Weekly SitRep 2018 Wk 15,,
1,NGA,Edo,NGA.12_1,,,,2018,,4,,15,,2,0,0,,,,,NCDC Weekly SitRep 2018 Wk 15,,
1,NGA,Kogi,NGA.23_1,,,,2018,,4,,15,,1,1,0,,,,,NCDC Weekly SitRep 2018 Wk 15,,
1,NGA,Edo,NGA.12_1,,,,2018,,4,,16,,1,0,1,one healthcare worker,,,,NCDC Weekly SitRep 2018 Wk 16,,
1,NGA,Edo,NGA.12_1,,,,2018,,4,,17,,1,1,0,,,,,NCDC Weekly SitRep 2018 Wk 17,,
1,NGA,Ondo,NGA.29_1,,,,2018,,4,,17,,1,0,0,,,,,NCDC Weekly SitRep 2018 Wk 17,,
1,NGA,Taraba,NGA.35_1,,,,2018,,4,,17,,2,0,0,,,,,NCDC Weekly SitRep 2018 Wk 17,,
1,NGA,Ebonyi,NGA.11_1,,,,2018,,4,5,18,,1,0,0,,,,,NCDC Weekly SitRep 2018 Wk 18,,
1,NGA,Edo,NGA.12_1,,,,2018,,4,5,18,,2,0,0,,,,,NCDC Weekly SitRep 2018 Wk 18,,
1,NGA,Ebonyi,NGA.11_1,,,,2018,,5,,19,,1,0,0,,,,,NCDC Weekly SitRep 2018 Wk 19,,
1,NGA,Edo,NGA.12_1,,,,2018,,5,,19,,1,0,0,,,,,NCDC Weekly SitRep 2018 Wk 19,,
1,NGA,Ondo,NGA.29_1,,,,2018,,5,,19,,3,1,0,,,,,NCDC Weekly SitRep 2018 Wk 19,,
1,NGA,Adamawa,NGA.2_1,,,,2018,,5,,20,,1,0,0,,,,,NCDC Weekly SitRep 2018 Wk 20,,
1,NGA,Edo,NGA.12_1,,,,2018,,5,,20,,1,0,0,,,,,NCDC Weekly SitRep 2018 Wk 20,,
1,NGA,Taraba,NGA.35_1,,,,2018,,5,,20,,1,1,0,,,,,NCDC Weekly SitRep 2018 Wk 20,,
1,NGA,Edo,NGA.12_1,,,,2018,,5,6,22,,1,0,0,,,,,NCDC Weekly SitRep 2018 Wk 22,,
1,NGA,Edo,NGA.12_1,,,,2018,,6,,23,,4,1,0,,,,,NCDC Weekly SitRep 2018 Wk 23,,
1,NGA,Ondo,NGA.29_1,,,,2018,,6,,23,,1,0,0,,,,,NCDC Weekly SitRep 2018 Wk 23,,
1,NGA,Ondo,NGA.29_1,,,,2018,,6,,24,,1,0,0,,,,,NCDC Weekly SitRep 2018 Wk 24,,
1,NGA,Edo,NGA.12_1,,,,2018,,6,,25,,3,NA,0,,,,,NCDC Weekly SitRep 2018 Wk 25,,
1,NGA,Edo,NGA.12_1,,,,2018,,6,,25,,NA,1,0,,,,,NCDC Weekly SitRep 2018 Wk 25,,
1,NGA,Edo,NGA.12_1,,,,2018,,6,,25,,1,NA,1,one healthcare worker,,,,NCDC Weekly SitRep 2018 Wk 25,,
1,NGA,Ondo,NGA.29_1,,,,2018,,6,,25,,1,0,0,,,,,NCDC Weekly SitRep 2018 Wk 25,,
1,NGA,Plateau,NGA.32_1,,,,2018,,6,,25,,1,1,0,,,,,NCDC Weekly SitRep 2018 Wk 25,,
1,NGA,Edo,NGA.12_1,,,,2018,,6,7,26,,1,0,0,,,,,NCDC Weekly SitRep 2018 Wk 26,,
1,NGA,Ondo,NGA.29_1,,,,2018,,6,7,26,,1,0,0,,,,,NCDC Weekly SitRep 2018 Wk 26,,
1,NGA,Edo,NGA.12_1,,,,2018,,7,,27,,2,0,0,,,,,NCDC Weekly SitRep 2018 Wk 27,,
1,NGA,Ondo,NGA.29_1,,,,2018,,7,,27,,3,2,0,,,,,NCDC Weekly SitRep 2018 Wk 27,,
1,NGA,Plateau,NGA.32_1,,,,2018,,7,,27,,1,1,0,,,,,NCDC Weekly SitRep 2018 Wk 27,,
1,NGA,Taraba,NGA.35_1,,,,2018,,7,,27,,1,0,0,,,,,NCDC Weekly SitRep 2018 Wk 27,,
1,NGA,Edo,NGA.12_1,,,,2018,,7,,28,,5,1,0,,,,,NCDC Weekly SitRep 2018 Wk 28,,
1,NGA,Ondo,NGA.29_1,,,,2018,,7,,28,,1,0,0,,,,,NCDC Weekly SitRep 2018 Wk 28,,
1,NGA,Edo,NGA.12_1,,,,2018,,7,,29,,5,2,0,,,,,NCDC Weekly SitRep 2018 Wk 29,,
1,NGA,Ondo,NGA.29_1,,,,2018,,7,,29,,1,1,0,,,,,NCDC Weekly SitRep 2018 Wk 29,,
1,NGA,Edo,NGA.12_1,,,,2018,,7,,30,,4,1,0,,,,,NCDC Weekly SitRep 2018 Wk 30,,
1,NGA,Ondo,NGA.29_1,,,,2018,,7,,30,,1,0,0,,,,,NCDC Weekly SitRep 2018 Wk 30,,
1,NGA,Edo,NGA.12_1,,,,2018,,8,,31,,7,1,0,,,,,NCDC Weekly SitRep 2018 Wk 31,,
1,NGA,Enugu,NGA.14_1,,,,2018,,7,8,31,,1,1,0,,,,,NCDC Weekly SitRep 2018 Wk 31,,
1,NGA,Ondo,NGA.29_1,,,,2018,,8,,31,,1,0,0,,,,,NCDC Weekly SitRep 2018 Wk 31,,
1,NGA,Edo,NGA.12_1,,,,2018,,8,,32,,2,0,0,,,,,NCDC Weekly SitRep 2018 Wk 32,,
1,NGA,Gombe,NGA.16_1,,,,2018,,8,,32,,1,1,0,,,,case imported from Borno state,NCDC Weekly SitRep 2018 Wk 32,,
1,NGA,Ondo,NGA.29_1,,,,2018,,8,,32,,1,0,0,,,,,NCDC Weekly SitRep 2018 Wk 32,,
1,NGA,Edo,NGA.12_1,,,,2018,,8,,33,,3,2,0,,,,,NCDC Weekly SitRep 2018 Wk 33,,
1,NGA,Bauchi,NGA.5_1,,,,2018,,8,,34,,1,1,0,,,,,NCDC Weekly SitRep 2018 Wk 34,,
1,NGA,Ebonyi,NGA.11_1,,,,2018,,8,,34,,1,1,0,,,,,NCDC Weekly SitRep 2018 Wk 34,,
1,NGA,Edo,NGA.12_1,,,,2018,,8,,34,,1,0,0,,,,,NCDC Weekly SitRep 2018 Wk 34,,
1,NGA,Edo,NGA.12_1,,,,2018,,8,9,35,,5,1,0,,,,,NCDC Weekly SitRep 2018 Wk 35,,
1,NGA,Delta,NGA.10_1,,,,2018,,9,,36,,1,0,0,,,,,NCDC Weekly SitRep 2018 Wk 36,,
1,NGA,Edo,NGA.12_1,,,,2018,,9,,36,,6,0,0,,,,,NCDC Weekly SitRep 2018 Wk 36,,
1,NGA,Edo,NGA.12_1,,,,2018,,9,,37,,2,0,0,,,,,NCDC Weekly SitRep 2018 Wk 37,,
1,NGA,Delta,NGA.10_1,,,,2018,,9,,38,,1,1,0,,,,,NCDC Weekly SitRep 2018 Wk 38,,
1,NGA,Edo,NGA.12_1,,,,2018,,9,,38,,2,0,0,,,,,NCDC Weekly SitRep 2018 Wk 38,,
1,NGA,Ondo,NGA.29_1,,,,2018,,9,,38,,1,0,0,,,,,NCDC Weekly SitRep 2018 Wk 38,,
1,NGA,Bauchi,NGA.5_1,,,,2018,,9,,39,,1,0,0,,,,,NCDC Weekly SitRep 2018 Wk 39,,
1,NGA,Edo,NGA.12_1,,,,2018,,9,,39,,3,0,0,,,,,NCDC Weekly SitRep 2018 Wk 39,,
1,NGA,Ebonyi,NGA.11_1,,,,2018,,10,,40,,2,0,0,,,,three deaths in probable cases,NCDC Weekly SitRep 2018 Wk 40,,
1,NGA,Edo,NGA.12_1,,,,2018,,10,,40,,5,1,0,,,,,NCDC Weekly SitRep 2018 Wk 40,,
1,NGA,Ondo,NGA.29_1,,,,2018,,10,,40,,2,0,0,,,,,NCDC Weekly SitRep 2018 Wk 40,,
1,NGA,Delta,NGA.10_1,,,,2018,,10,,41,,1,0,0,,,,,NCDC Weekly SitRep 2018 Wk 41,,
1,NGA,Ebonyi,NGA.11_1,,,,2018,,10,,41,,2,1,0,,,,,NCDC Weekly SitRep 2018 Wk 41,,
1,NGA,Edo,NGA.12_1,,,,2018,,10,,41,,4,0,0,,,,,NCDC Weekly SitRep 2018 Wk 41,,
1,NGA,Imo,NGA.17_1,,,,2018,,10,,41,,1,0,0,,,,,NCDC Weekly SitRep 2018 Wk 41,,
1,NGA,Kogi,NGA.23_1,,,,2018,,10,,41,,1,0,0,,,,,NCDC Weekly SitRep 2018 Wk 41,,
1,NGA,Ondo,NGA.29_1,,,,2018,,10,,41,,4,1,0,,,,,NCDC Weekly SitRep 2018 Wk 41,,
1,NGA,Ondo,NGA.29_1,,,,2018,,11,,42,,2,NA,0,,,,,NCDC Weekly SitRep 2018 Wk 42,,
1,NGA,Ondo,NGA.29_1,,,,2018,,12,,42,,NA,2,0,,,,,NCDC Weekly SitRep 2018 Wk 42,,
1,NGA,Ondo,NGA.29_1,,,,2018,,10,,42,,1,NA,1,one healthcare worker,,,,NCDC Weekly SitRep 2018 Wk 42,,
1,NGA,Ebonyi,NGA.11_1,,,,2018,,10,,43,,1,0,0,,,,,NCDC Weekly SitRep 2018 Wk 43,,
1,NGA,Edo,NGA.12_1,,,,2018,,10,,43,,4,1,0,,,,,NCDC Weekly SitRep 2018 Wk 43,,
1,NGA,Ondo,NGA.29_1,,,,2018,,10,,43,,4,1,0,,,,,NCDC Weekly SitRep 2018 Wk 43,,
1,NGA,Ebonyi,NGA.11_1,,,,2018,,10,11,44,,1,1,0,,,,,NCDC Weekly SitRep 2018 Wk 44,,
1,NGA,Edo,NGA.12_1,,,,2018,,10,11,44,,3,1,0,,,,,NCDC Weekly SitRep 2018 Wk 44,,
1,NGA,Ondo,NGA.29_1,,,,2018,,10,11,44,,1,0,0,,,,,NCDC Weekly SitRep 2018 Wk 44,,
1,NGA,Edo,NGA.12_1,,,,2018,,11,,45,,3,0,0,,,,,NCDC Weekly SitRep 2018 Wk 45,,
1,NGA,Ondo,NGA.29_1,,,,2018,,11,,45,,2,0,0,,,,,NCDC Weekly SitRep 2018 Wk 45,,
1,NGA,Edo,NGA.12_1,,,,2018,,11,,46,,1,0,0,,,,,NCDC Weekly SitRep 2018 Wk 46,,
1,NGA,Ondo,NGA.29_1,,,,2018,,11,,46,,2,0,0,,,,,NCDC Weekly SitRep 2018 Wk 46,,
1,NGA,Edo,NGA.12_1,,,,2018,,11,,47,,3,0,0,,,,,NCDC Weekly SitRep 2018 Wk 47,,
1,NGA,Ondo,NGA.29_1,,,,2018,,11,,47,,3,0,0,,,,,NCDC Weekly SitRep 2018 Wk 47,,
1,NGA,Edo,NGA.12_1,,,,2018,,11,12,48,,2,1,0,,,,,NCDC Weekly SitRep 2018 Wk 48,,
1,NGA,Gombe,NGA.16_1,,,,2018,,11,12,48,,1,1,0,,,,,NCDC Weekly SitRep 2018 Wk 48,,
1,NGA,Kano,NGA.20_1,,,,2018,,11,12,48,,1,0,0,,,,,NCDC Weekly SitRep 2018 Wk 48,,
1,NGA,Ondo,NGA.29_1,,,,2018,,11,12,48,,8,0,0,,,,,NCDC Weekly SitRep 2018 Wk 48,,
1,NGA,Plateau,NGA.32_1,,,,2018,,11,12,48,,1,1,0,,,,,NCDC Weekly SitRep 2018 Wk 48,,
1,NGA,Adamawa,NGA.2_1,,,,2018,,12,,50,,1,1,0,,,,,NCDC Weekly SitRep 2018 Wk 50,,
1,NGA,Bauchi,NGA.5_1,,,,2018,,12,,50,,4,4,0,,,,,NCDC Weekly SitRep 2018 Wk 50,,
1,NGA,Edo,NGA.12_1,,,,2018,,12,,50,,3,0,0,,,,,NCDC Weekly SitRep 2018 Wk 50,,
1,NGA,Nassarawa,NGA.26_1,,,,2018,,12,,50,,1,1,0,,,,,NCDC Weekly SitRep 2018 Wk 50,,
1,NGA,Ondo,NGA.29_1,,,,2018,,12,,50,,2,2,0,,,,,NCDC Weekly SitRep 2018 Wk 50,,
1,NGA,Plateau,NGA.32_1,,,,2018,,12,,50,,1,0,0,,,,,NCDC Weekly SitRep 2018 Wk 50,,
1,NGA,Bauchi,NGA.5_1,,,,2018,,12,,51,,2,1,0,,,,,NCDC Weekly SitRep 2018 Wk 51,,
1,NGA,Delta,NGA.10_1,,,,2018,,12,,51,,1,1,0,,,,,NCDC Weekly SitRep 2018 Wk 51,,
1,NGA,Edo,NGA.12_1,,,,2018,,12,,51,,2,0,0,,,,,NCDC Weekly SitRep 2018 Wk 51,,
1,NGA,Federal Capital Territory,NGA.15_1,,,,2018,,12,,51,,2,1,0,,,,,NCDC Weekly SitRep 2018 Wk 51,,
1,NGA,Ondo,NGA.29_1,,,,2018,,12,,51,,4,2,0,,,,,NCDC Weekly SitRep 2018 Wk 51,,
1,NGA,Plateau,NGA.32_1,,,,2018,,12,,51,,3,2,0,,,,,NCDC Weekly SitRep 2018 Wk 51,,
1,NGA,Bauchi,NGA.5_1,,,,2018,,12,,52,,5,2,0,,,,,NCDC Weekly SitRep 2018 Wk 52,,
1,NGA,Edo,NGA.12_1,,,,2018,,12,,52,,9,0,0,,,,,NCDC Weekly SitRep 2018 Wk 52,,
1,NGA,Ondo,NGA.29_1,,,,2018,,12,,52,,6,2,0,,,,,NCDC Weekly SitRep 2018 Wk 52,,
1,NGA,Taraba,NGA.35_1,,,,2018,,12,,52,,2,1,0,,,,,NCDC Weekly SitRep 2018 Wk 52,,
0,NGA,,,,,,2015,2016,8,5,NA,,10,NA,1,ten healthcare workers,,,cases span 23 states,Promed 20160619.4296038,,
0,NGA,,,,,,2015,2016,8,5,NA,,155,NA,0,,,,,Promed 20160619.4296038,,
0,NGA,,,,,,2015,2016,8,5,NA,,NA,89,0,,,,,Promed 20160619.4296038,,
0,NLD,,,,,,2000,,7,,NA,,1,1,1,healthcare worker,48,M,case imported from Sierra Leone,Promed 20000725.1232,,
0,SLE,,,,,,1970,1972,,,NA,,63,24,NA,,,,,Fraser et al. 1974,,
3,SLE,Southern,SLE.3_1,Bo,SLE.3.1_1,Panguma,1973,,1,,NA,,9,NA,NA,,,,,Keane et. al 1977,,
3,SLE,Southern,SLE.3_1,Bo,SLE.3.1_1,Panguma,1973,,2,,NA,,8,NA,NA,,,,,Keane et. al 1977,,
3,SLE,Southern,SLE.3_1,Bo,SLE.3.1_1,Panguma,1973,,3,,NA,,9,NA,NA,,,,,Keane et. al 1977,,
3,SLE,Southern,SLE.3_1,Bo,SLE.3.1_1,Panguma,1973,,4,,NA,,2,NA,NA,,,,,Keane et. al 1977,,
3,SLE,Southern,SLE.3_1,Bo,SLE.3.1_1,Panguma,1973,,5,,NA,,3,NA,NA,,,,,Keane et. al 1977,,
3,SLE,Southern,SLE.3_1,Bo,SLE.3.1_1,Panguma,1973,,6,,NA,,15,NA,NA,,,,,Keane et. al 1977,,
3,SLE,Southern,SLE.3_1,Bo,SLE.3.1_1,Panguma,1973,,7,,NA,,7,NA,NA,,,,,Keane et. al 1977,,
3,SLE,Southern,SLE.3_1,Bo,SLE.3.1_1,Panguma,1973,,8,,NA,,2,NA,NA,,,,,Keane et. al 1977,,
3,SLE,Southern,SLE.3_1,Bo,SLE.3.1_1,Panguma,1973,,9,,NA,,3,NA,NA,,,,,Keane et. al 1977,,
3,SLE,Southern,SLE.3_1,Bo,SLE.3.1_1,Panguma,1973,,10,,NA,,1,NA,NA,,,,,Keane et. al 1977,,
3,SLE,Southern,SLE.3_1,Bo,SLE.3.1_1,Panguma,1973,,11,,NA,,0,NA,NA,,,,,Keane et. al 1977,,
3,SLE,Southern,SLE.3_1,Bo,SLE.3.1_1,Panguma,1973,,12,,NA,,1,NA,NA,,,,,Keane et. al 1977,,
3,SLE,Southern,SLE.3_1,Bo,SLE.3.1_1,Panguma,1974,,1,,NA,,2,NA,NA,,,,,Keane et. al 1977,,
3,SLE,Southern,SLE.3_1,Bo,SLE.3.1_1,Panguma,1974,,2,,NA,,3,NA,NA,,,,,Keane et. al 1977,,
3,SLE,Southern,SLE.3_1,Bo,SLE.3.1_1,Panguma,1974,,3,,NA,,3,NA,NA,,,,,Keane et. al 1977,,
3,SLE,Southern,SLE.3_1,Bo,SLE.3.1_1,Panguma,1974,,4,,NA,,3,NA,NA,,,,,Keane et. al 1977,,
3,SLE,Southern,SLE.3_1,Bo,SLE.3.1_1,Panguma,1974,,5,,NA,,2,NA,NA,,,,,Keane et. al 1977,,
3,SLE,Southern,SLE.3_1,Bo,SLE.3.1_1,Panguma,1974,,6,,NA,,2,NA,NA,,,,,Keane et. al 1977,,
3,SLE,Southern,SLE.3_1,Bo,SLE.3.1_1,Panguma,1974,,7,,NA,,1,NA,NA,,,,,Keane et. al 1977,,
3,SLE,Southern,SLE.3_1,Bo,SLE.3.1_1,Panguma,1974,,8,,NA,,1,NA,NA,,,,,Keane et. al 1977,,
3,SLE,Southern,SLE.3_1,Bo,SLE.3.1_1,Panguma,1974,,9,,NA,,1,NA,NA,,,,,Keane et. al 1977,,
3,SLE,Southern,SLE.3_1,Bo,SLE.3.1_1,Panguma,1974,,10,,NA,,2,NA,NA,,,,,Keane et. al 1977,,
3,SLE,Southern,SLE.3_1,Bo,SLE.3.1_1,Panguma,1974,,11,,NA,,2,NA,NA,,,,,Keane et. al 1977,,
3,SLE,Southern,SLE.3_1,Bo,SLE.3.1_1,Panguma,1974,,12,,NA,,1,NA,NA,,,,,Keane et. al 1977,,
3,SLE,Southern,SLE.3_1,Bo,SLE.3.1_1,Panguma,1975,,1,,NA,,8,NA,NA,,,,,Keane et. al 1977,,
3,SLE,Southern,SLE.3_1,Bo,SLE.3.1_1,Panguma,1975,,2,,NA,,7,NA,NA,,,,,Keane et. al 1977,,
3,SLE,Southern,SLE.3_1,Bo,SLE.3.1_1,Panguma,1975,,3,,NA,,5,NA,NA,,,,,Keane et. al 1977,,
3,SLE,Southern,SLE.3_1,Bo,SLE.3.1_1,Panguma,1975,,4,,NA,,2,NA,NA,,,,,Keane et. al 1977,,
3,SLE,Southern,SLE.3_1,Bo,SLE.3.1_1,Panguma,1975,,5,,NA,,1,NA,NA,,,,,Keane et. al 1977,,
3,SLE,Southern,SLE.3_1,Bo,SLE.3.1_1,Panguma,1975,,6,,NA,,7,NA,NA,,,,,Keane et. al 1977,,
3,SLE,Southern,SLE.3_1,Bo,SLE.3.1_1,Panguma,1975,,7,,NA,,6,NA,NA,,,,,Keane et. al 1977,,
3,SLE,Southern,SLE.3_1,Bo,SLE.3.1_1,Panguma,1975,,8,,NA,,4,NA,NA,,,,,Keane et. al 1977,,
3,SLE,Southern,SLE.3_1,Bo,SLE.3.1_1,Panguma,1975,,9,,NA,,1,NA,NA,,,,,Keane et. al 1977,,
3,SLE,Southern,SLE.3_1,Bo,SLE.3.1_1,Panguma,1975,,10,,NA,,2,NA,NA,,,,,Keane et. al 1977,,
3,SLE,Southern,SLE.3_1,Bo,SLE.3.1_1,Panguma,1975,,11,,NA,,5,NA,NA,,,,,Keane et. al 1977,,
3,SLE,Southern,SLE.3_1,Bo,SLE.3.1_1,Panguma,1975,,12,,NA,,3,NA,NA,,,,,Keane et. al 1977,,
3,SLE,Eastern,SLE.1_1,Kailahun,SLE.1.1_1,Segbwema,1975,,1,,NA,,3,NA,NA,,,,,Keane et. al 1977,,
3,SLE,Eastern,SLE.1_1,Kailahun,SLE.1.1_1,Segbwema,1975,,2,,NA,,12,NA,NA,,,,,Keane et. al 1977,,
3,SLE,Eastern,SLE.1_1,Kailahun,SLE.1.1_1,Segbwema,1975,,3,,NA,,8,NA,NA,,,,,Keane et. al 1977,,
3,SLE,Eastern,SLE.1_1,Kailahun,SLE.1.1_1,Segbwema,1975,,4,,NA,,6,NA,NA,,,,,Keane et. al 1977,,
3,SLE,Eastern,SLE.1_1,Kailahun,SLE.1.1_1,Segbwema,1975,,5,,NA,,7,NA,NA,,,,,Keane et. al 1977,,
3,SLE,Eastern,SLE.1_1,Kailahun,SLE.1.1_1,Segbwema,1975,,6,,NA,,11,NA,NA,,,,,Keane et. al 1977,,
3,SLE,Eastern,SLE.1_1,Kailahun,SLE.1.1_1,Segbwema,1975,,7,,NA,,16,NA,NA,,,,,Keane et. al 1977,,
3,SLE,Eastern,SLE.1_1,Kailahun,SLE.1.1_1,Segbwema,1975,,8,,NA,,10,NA,NA,,,,,Keane et. al 1977,,
3,SLE,Eastern,SLE.1_1,Kailahun,SLE.1.1_1,Segbwema,1975,,9,,NA,,3,NA,NA,,,,,Keane et. al 1977,,
3,SLE,Eastern,SLE.1_1,Kailahun,SLE.1.1_1,Segbwema,1975,,10,,NA,,13,NA,NA,,,,,Keane et. al 1977,,
3,SLE,Eastern,SLE.1_1,Kailahun,SLE.1.1_1,Segbwema,1975,,11,,NA,,8,NA,NA,,,,,Keane et. al 1977,,
3,SLE,Eastern,SLE.1_1,Kailahun,SLE.1.1_1,Segbwema,1975,,12,,NA,,11,NA,NA,,,,,Keane et. al 1977,,
0,SLE,,,,,,1996,,1,12,NA,,799,148,NA,,,,,Promed 20040421.1110,,
0,SLE,,,,,,1997,,1,,NA,,45,7,NA,,,,,Promed 20040421.1110,,
0,SLE,,,,,,1997,,2,,NA,,75,9,NA,,,,,Promed 20040421.1110,,
0,SLE,,,,,,1997,,3,,NA,,147,20,NA,,,,,Promed 20040421.1110,,
0,SLE,,,,,,1997,,4,,NA,,86,7,NA,,,,,Promed 20040421.1110,,
2,SLE,Eastern,SLE.1_1,Kenema,SLE.1.3_1,,2004,,1,12,NA,,321,80,NA,,,,,,,Ask
2,SLE,Eastern,SLE.1_1,Kenema,SLE.1.3_1,,2005,,1,12,NA,,136,35,NA,,,,,,,Ask
2,SLE,Eastern,SLE.1_1,Kenema,SLE.1.3_1,,2006,,1,12,NA,,51,17,NA,,,,,,,Ask
2,SLE,Eastern,SLE.1_1,Kenema,SLE.1.3_1,,2007,,1,12,NA,,19,11,NA,,,,,,,Ask
1,SLE,Eastern,SLE.1_1,Kenema,SLE.1.3_1,,2017,,1,12,NA,,17,11,NA,,,,,Promed 20180608.5845206,,
1,SLE,Eastern,SLE.1_1,Kenema,SLE.1.3_1,,2018,,1,5,NA,,18,7,NA,,,,,Promed 20180608.5845206,,
0,SWE,,,,,,2016,,3,,NA,,1,0,NA,,73,F,case imported from Liberia,Hamblion et al. 2018,,
2,TGO,Savanes,TGO.5_1,Sansanné-Mango,TGO.5.1_1,,2016,,3,,NA,,2,1,1,two healthcare workers,33-47,M,cases exported to Germany and USA,,,
2,TGO,Kara,TGO.2_1,Doufelgou,TGO.2.4_1,,2019,,1,,NA,,1,0,NA,,,,,Promed 20190108.6248252,,
0,USA,,,,,,2016,,3,,NA,,1,1,1,healthcare worker,33,M,,,,Repeat of above
0,ZAF,,,,,,2007,,1,2,NA,,1,0,1,one healthcare worker,46,M,imported from Nigeria,Promed 20070222.0657,,
1,BEN,Borgou,BEN.4_1,Tchaourou,,,2017,,,,,,1,1,,Pregnant mother,,F,,Promed 20170312.4896305,,
1,BEN,Borgou,BEN.4_1,Papane,,,2017,,3,,,,2,,,,,,,Promed 20170301.4872702,,
1,BEN,Littoral,BEN.8_1,Cotonou,,,2018,,12,,,,1,,,,28,M,,Promed 20181228.6225335,,
1,BEN,Atakora,BEN.2_1,BoukoumbŽÊ,,,2018,,1,,,,1,,,,,,,Promed 20180124.5581805,Promed 20180124.5576379,
1,BEN,Borgou,BEN.4_1,"Taberu, Baruten",,,2019,,,,,,2,,,,,,Reported in Nigeria,Promed 20190117.6264610,,Ask- Nigerian
1,BEN,Borgou,BEN.4_1,Kwara,,,2020,,,,,,,,,,,,,,,Ask- No data
1,BFA,Centre-Est,BFA.3_1,Ouargaye,,,2017,,,,,,1,,,,,,,Promed 20170312.4896305,,
1,GHA,Accra,GHA.5_1,Tema,,,2018,,,,,,1,,,,,,,Promed 20180302.5660162,,
1,GIN,Nzérékoré,GIN.8_1,"Guécke, Yomou Préfecture",,,2018,,1,,,,1,1,,,,F,,Promed 20180210.5620420,,
1,SLE,Northern,SLE.2_1,"Masanga,ÊTonkolili",,,2019,,11,,,,1,,NA,,,,,Promed 20191130.6810227,,
1,SLE,Northern,SLE.2_1,"Masanga,ÊTonkolili",,,2019,,11,,,,3,,1,,,,,Promed 20191130.6810227,,
2,TGO,Savanes,TGO.5_1,Mango,TGO.5.1_1,,2017,,,,NA,,1,,,,,F,,Promed 20170312.4896305,,
1,LBR,Nimba,LBR.12_1,,,,2017,,2,,,,3,2,,,,,,Promed 20170209.4827934,,
1,LBR,GRAND BASSA,LBR.5_1,,,,2018,,1,6,,,2,,,,,,,Promed 20180711.5898495,,
1,LBR,Nimba,LBR.12_1,,,,2018,,1,6,,,9,,,,,,,Promed 20180711.5898495,,
1,LBR,Bong,LBR.2_1,,,,2018,,1,6,,,4,,,,,,,Promed 20180711.5898495,,
1,LBR,Margibi,LBR.9_1,,,,2018,,1,6,,,2,,,,,,,Promed 20180711.5898495,,
1,LBR,Montserrado,LBR.11_1,,,,2018,,1,6,,,3,,,,,,,Promed 20180711.5898495,,
1,LBR,Nimba,LBR.12_1,,,,2019,,12,,,,9,3,,,,,,Promed 20191207.6828798),,
1,LBR,Grand Bassa ,LBR.5_1,,,,2019,,1,8,,,5,,,,,,,Promed 20190902.6653653) ,,
1,LBR,Bong,LBR.2_1,,,,2020,,1,,,,4,,,,,,,Promed 20200215.6990603,,No source
1,LBR,Grand Bassa,LBR.5_1,,,,2020,,1,,,,23,3,,,,,,Promed 20200120.6901139,Promed 20200120.6901139,
1,LBR,Nimba,LBR.12_1,,,,2019,,1,8,,,9,,,,,,,Promed 20190902.6653653) ,,
1,LBR,Bong,LBR.2_1,,,,2019,,1,8,,,10,,,,,,,Promed 20190902.6653653) ,,
1,LBR,Grand Kru,LBR.7_1,,,,2019,,1,8,,,1,,,,,,,Promed 20190902.6653653) ,,
1,NGA,Lagos,NGA.25_1,,,,2020,,,,,,1,,,,,,,NCDC Weekly SitRep 2020 Wk. 53,,
1,NGA,Ogun,NGA.28_1,,,,2020,,,,,,1,,,,,,,NCDC Weekly SitRep 2020 Wk. 53,,
1,NGA,Oyo,NGA.31_1,,,,2020,,,,,,1,,,,,,,NCDC Weekly SitRep 2020 Wk. 53,,
1,NGA,Benue,NGA.7_1,,,,2020,,,,,,1,,1,,,,,NCDC Weekly SitRep 2020 Wk. 53,,
1,NGA,Borno,NGA.8_1,,,,2020,,,,,,1,,1,,,,,NCDC Weekly SitRep 2020 Wk. 53,,
1,NGA,Ebonyi,NGA.11_1,,,,2020,,,,,,1,,1,,,,,NCDC Weekly SitRep 2020 Wk. 53,,
1,NGA,Gombe,NGA.16_1,,,,2020,,,,,,1,,1,,,,,NCDC Weekly SitRep 2020 Wk. 53,,
1,NGA,Jigawa,NGA.18_1,,,,2020,,,,,,1,,1,,,,,NCDC Weekly SitRep 2020 Wk. 53,,
1,NGA,Kaduna,NGA.19_1,,,,2020,,,,,,1,,1,,,,,NCDC Weekly SitRep 2020 Wk. 53,,
1,NGA,Katsina,NGA.21_1,,,,2020,,,,,,1,,1,,,,,NCDC Weekly SitRep 2020 Wk. 53,,
1,NGA,Anambra,NGA.4_1,,,,2020,,,,,,2,1,,,,,,NCDC Weekly SitRep 2020 Wk. 53,,
1,NGA,Kano,NGA.20_1,,,,2020,,,,,,2,1,,,,,,NCDC Weekly SitRep 2020 Wk. 53,,
1,NGA,Osun,NGA.30_1,,,,2020,,,,,,2,,,,,,,NCDC Weekly SitRep 2020 Wk. 53,,
1,NGA,Taraba,NGA.35_1,,,,2020,,,,,,2,,1,,,,,NCDC Weekly SitRep 2020 Wk. 53,,
1,NGA,Borno,NGA.8_1,,,,2020,,,,,,3,1,,,,,,NCDC Weekly SitRep 2020 Wk. 53,,
1,NGA,FederalCapitalTerritory,NGA.15_1,,,,2020,,,,,,3,,,,,,,NCDC Weekly SitRep 2020 Wk. 53,,
1,NGA,Delta,NGA.10_1,,,,2020,,,,,,3,,1,,,,,NCDC Weekly SitRep 2020 Wk. 53,,
1,NGA,Kano,NGA.20_1,,,,2020,,,,,,3,,1,,,,,NCDC Weekly SitRep 2020 Wk. 53,,
1,NGA,Adamawa,NGA.2_1,,,,2020,,,,,,4,,,,,,,NCDC Weekly SitRep 2020 Wk. 53,,
1,NGA,Kebbi,NGA.22_1,,,,2020,,,,,,4,2,,,,,,NCDC Weekly SitRep 2020 Wk. 53,,
1,NGA,Abia,NGA.1_1,,,,2020,,,,,,5,2,,,,,,NCDC Weekly SitRep 2020 Wk. 53,,
1,NGA,Katsina,NGA.21_1,,,,2020,,,,,,5,1,,,,,,NCDC Weekly SitRep 2020 Wk. 53,,
1,NGA,Sokoto,NGA.34_1,,,,2020,,,,,,5,2,,,,,,NCDC Weekly SitRep 2020 Wk. 53,,
1,NGA,Kaduna,NGA.19_1,,,,2020,,,,,,6,5,,,,,,NCDC Weekly SitRep 2020 Wk. 53,,
1,NGA,Bauchi,NGA.5_1,,,,2020,,,,,,7,,1,,,,,NCDC Weekly SitRep 2020 Wk. 53,,
1,NGA,Gombe,NGA.16_1,,,,2020,,,,,,8,2,,,,,,NCDC Weekly SitRep 2020 Wk. 53,,
1,NGA,Benue,NGA.7_1,,,,2020,,,,,,9,4,,,,,,NCDC Weekly SitRep 2020 Wk. 53,,
1,NGA,Rivers,NGA.33_1,,,,2020,,,,,,9,3,,,,,,NCDC Weekly SitRep 2020 Wk. 53,,
1,NGA,Edo,NGA.12_1,,,,2020,,,,,,9,,1,,,,,NCDC Weekly SitRep 2020 Wk. 53,,
1,NGA,Enugu,NGA.14_1,,,,2020,,,,,,10,2,,,,,,NCDC Weekly SitRep 2020 Wk. 53,,
1,NGA,Nassarawa,NGA.26_1,,,,2020,,,,,,10,4,,,,,,NCDC Weekly SitRep 2020 Wk. 53,,
1,NGA,Delta,NGA.10_1,,,,2020,,,,,,15,3,,,,,,NCDC Weekly SitRep 2020 Wk. 53,,
1,NGA,Ondo,NGA.29_1,,,,2020,,,,,,17,,1,,,,,NCDC Weekly SitRep 2020 Wk. 53,,
1,NGA,Plateau,NGA.32_1,,,,2020,,,,,,33,8,,,,,,NCDC Weekly SitRep 2020 Wk. 53,,
1,NGA,Kogi,NGA.23_1,,,,2020,,,,,,40,8,,,,,,NCDC Weekly SitRep 2020 Wk. 53,,
1,NGA,Bauchi,NGA.5_1,,,,2020,,,,,,46,22,,,,,,NCDC Weekly SitRep 2020 Wk. 53,,
1,NGA,Taraba,NGA.35_1,,,,2020,,,,,,56,22,,,,,,NCDC Weekly SitRep 2020 Wk. 53,,
1,NGA,Ebonyi,NGA.11_1,,,,2020,,,,,,80,23,,,,,,NCDC Weekly SitRep 2020 Wk. 53,,
1,NGA,Edo,NGA.12_1,,,,2020,,,,,,376,40,,,,,,NCDC Weekly SitRep 2020 Wk. 53,,
1,NGA,Ondo,NGA.29_1,,,,2020,,,,,,406,83,,,,,,NCDC Weekly SitRep 2020 Wk. 53,,
1,NGA,Abia,NGA.1_1,,,,2019,,,,,,2,,,,,,,NCDC SitRep 2019 Wk. 52,,
1,NGA,Delta,NGA.10_1,,,,2019,,,,,,1,,1,,,,,NCDC SitRep 2019 Wk. 52,,
1,NGA,Delta,NGA.10_1,,,,2019,,,,,,2,,,,,,,NCDC SitRep 2019 Wk. 52,,
1,NGA,Ebonyi,NGA.11_1,,,,2019,,,,,,2,,1,,,,,NCDC SitRep 2019 Wk. 52,,
1,NGA,Ebonyi,NGA.11_1,,,,2019,,,,,,55,,,,,,,NCDC SitRep 2019 Wk. 52,,
1,NGA,Edo,NGA.12_1,,,,2019,,,,,,6,,1,,,,,NCDC SitRep 2019 Wk. 52,,
1,NGA,Edo,NGA.12_1,,,,2019,,,,,,300,,,,,,,NCDC SitRep 2019 Wk. 52,,
1,NGA,Enugu,NGA.14_1,,,,2019,,,,,,1,,1,,,,,NCDC SitRep 2019 Wk. 52,,
1,NGA,Enugu,NGA.14_1,,,,2019,,,,,,1,,,,,,,NCDC SitRep 2019 Wk. 52,,
1,NGA,Gombe,NGA.16_1,,,,2019,,,,,,4,,,,,,,NCDC SitRep 2019 Wk. 52,,
1,NGA,Imo,NGA.17_1,,,,2019,,,,,,2,,,,,,,NCDC SitRep 2019 Wk. 52,,
1,NGA,Kaduna,NGA.19_1,,,,2019,,,,,,5,,,,,,,NCDC SitRep 2019 Wk. 52,,
1,NGA,Adamawa,NGA.2_1,,,,2019,,,,,,1,,,,,,,NCDC SitRep 2019 Wk. 52,,
1,NGA,Kebbi,NGA.22_1,,,,2019,,,,,,1,,1,,,,,NCDC SitRep 2019 Wk. 52,,
1,NGA,Kebbi,NGA.22_1,,,,2019,,,,,,6,,,,,,,NCDC SitRep 2019 Wk. 52,,
1,NGA,Kogi,NGA.23_1,,,,2019,,,,,,4,,,,,,,NCDC SitRep 2019 Wk. 52,,
1,NGA,Kwara,NGA.24_1,,,,2019,,,,,,1,,,,,,,NCDC SitRep 2019 Wk. 52,,
1,NGA,Lagos,NGA.25_1,,,,2019,,,,,,1,,,,,,,NCDC SitRep 2019 Wk. 52,,
1,NGA,Nassarawa,NGA.26_1,,,,2019,,,,,,7,,,,,,,NCDC SitRep 2019 Wk. 52,,
1,NGA,Ondo,NGA.29_1,,,,2019,,,,,,5,,1,,,,,NCDC SitRep 2019 Wk. 52,,
1,NGA,Ondo,NGA.29_1,,,,2019,,,,,,280,,,,,,,NCDC SitRep 2019 Wk. 52,,
1,NGA,Oyo,NGA.31_1,,,,2019,,,,,,2,,,,,,,NCDC SitRep 2019 Wk. 52,,
1,NGA,Plateau,NGA.32_1,,,,2019,,,,,,1,,1,,,,,NCDC SitRep 2019 Wk. 52,,
1,NGA,Plateau,NGA.32_1,,,,2019,,,,,,35,,,,,,,NCDC SitRep 2019 Wk. 52,,
1,NGA,Rivers,NGA.33_1,,,,2019,,,,,,1,,1,,,,,NCDC SitRep 2019 Wk. 52,,
1,NGA,Rivers,NGA.33_1,,,,2019,,,,,,1,,,,,,,NCDC SitRep 2019 Wk. 52,,
1,NGA,Taraba,NGA.35_1,,,,2019,,,,,,40,,,,,,,NCDC SitRep 2019 Wk. 52,,
1,NGA,Zamfara,NGA.37_1,,,,2019,,,,,,1,,,,,,,NCDC SitRep 2019 Wk. 52,,
1,NGA,Bauchi,NGA.5_1,,,,2019,,,,,,1,,1,,,,,NCDC SitRep 2019 Wk. 52,,
1,NGA,Bauchi,NGA.5_1,,,,2019,,,,,,55,,,,,,,NCDC SitRep 2019 Wk. 52,,
1,NGA,Benue,NGA.7_1,,,,2019,,,,,,1,,1,,,,,NCDC SitRep 2019 Wk. 52,,
1,NGA,Benue,NGA.7_1,,,,2019,,,,,,7,,,,,,,NCDC SitRep 2019 Wk. 52,,
1,NGA,CrossRiver,NGA.9_1,,,,2019,,,,,,1,,,,,,,NCDC SitRep 2019 Wk. 52,,
2,GIN,Nzérékoré,,Yomou,,,2021,,5,,,,1,1,,,,,Coinfection with COVID-19,Promed 20210518.8367530,Promed 20210707.8502148,
2,GIN,Nzérékoré,,Beyla,,,2021,,6,,,,1,1,,,,,,Promed 20210707.8502148,,
2,LBR,Bong,,Phebe Airstrip,,,2021,,1,,1,,1,1,,,39,M,,Promed 20210730.8555867,,
2,LBR,Grand Bassa,,Mie Field,,,2021,,3,,9,,1,1,,,38,F,,Promed 20210730.8555867,,
1,LBR,Nimba,,,,,2021,,7,,26,,1,1,,,27,F,,Promed 20210730.8555867,,
0,GBR,,,,,,2022,,2,,,,3,1,1,,,,First case imported from Mali,Promed 20220222.8701582,,
2,TGO,Savanes,,Oti-Sud,,,2022,,2,,,,1,1,,,35,F,,Promed 20220228.8701715,,
2,GIN,Nzérékoré,,Guéckédou,,,2022,,4,,,,1,0,,,17,F,,Promed 20220425.8702832,,
2,GIN,Nzérékoré,,Guéckédou,,,2022,,4,,,,1,0,,,24,M,,Promed 20220507.8703096,,
2,ZAF,KwaZulu-Natal,,Pietermaritzburg ,,,2022,,5,,,,1,1,,,,M,imported from Nigeria,Promed 20220516.8703281,,
1,NGA,Bauchi,,,,,2021,,1,,1,,2,2,,,,,,NCDC Weekly SitRep 2021 Wk. 1,,
1,NGA,Ebonyi,,,,,2021,,1,,1,,1,0,,,,,,NCDC Weekly SitRep 2021 Wk. 1,,
1,NGA,Edo,,,,,2021,,1,,1,,3,0,,,,,,NCDC Weekly SitRep 2021 Wk. 1,,
1,NGA,Ondo,,,,,2021,,1,,1,,3,0,,,,,,NCDC Weekly SitRep 2021 Wk. 1,,
1,NGA,Ebonyi,,,,,2021,,1,,2,,1,0,,,,,,NCDC Weekly SitRep 2021 Wk. 2,,
1,NGA,Edo,,,,,2021,,1,,2,,11,1,,,,,,NCDC Weekly SitRep 2021 Wk. 2,,
1,NGA,Taraba,,,,,2021,,1,,2,,2,1,,,,,,NCDC Weekly SitRep 2021 Wk. 2,,
1,NGA,Edo,,,,,2021,,1,,3,,8,1,,,,,,NCDC Weekly SitRep 2021 Wk. 3,,
1,NGA,Ondo,,,,,2021,,1,,3,,8,2,,,,,,NCDC Weekly SitRep 2021 Wk. 3,,
1,NGA,Akwa Ibom,,,,,2021,,1,,3,,1,0,,,,,,NCDC Weekly SitRep 2021 Wk. 3,,
1,NGA,Edo,,,,,2021,,1,,4,,4,0,,,,,,NCDC Weekly SitRep 2021 Wk. 4,,
1,NGA,Ondo,,,,,2021,,1,,4,,2,0,,,,,,NCDC Weekly SitRep 2021 Wk. 4,,
1,NGA,Taraba,,,,,2021,,1,,4,,4,2,,,,,,NCDC Weekly SitRep 2021 Wk. 4,,
1,NGA,Bauchi,,,,,2021,,1,,4,,1,0,,,,,,NCDC Weekly SitRep 2021 Wk. 4,,
1,NGA,Plateau,,,,,2021,,1,,4,,2,0,,,,,,NCDC Weekly SitRep 2021 Wk. 4,,
1,NGA,Nassarawa,,,,,2021,,1,,4,,1,0,,,,,,NCDC Weekly SitRep 2021 Wk. 4,,
1,NGA,Edo,,,,,2021,,2,,5,,6,0,,,,,,NCDC Weekly SitRep 2021 Wk. 5,,
1,NGA,Ondo,,,,,2021,,2,,5,,4,0,,,,,,NCDC Weekly SitRep 2021 Wk. 5,,
1,NGA,Taraba,,,,,2021,,2,,5,,1,,,,,,,NCDC Weekly SitRep 2021 Wk. 5,,
1,NGA,Taraba,,,,,2021,,2,,5,,,1,,,,,,NCDC Weekly SitRep 2021 Wk. 5,,
1,NGA,Taraba,,,,,2021,,2,,5,,1,,1,HCW,,,,NCDC Weekly SitRep 2021 Wk. 5,,
1,NGA,Edo,,,,,2021,,2,,6,,10,2,,,,,,NCDC Weekly SitRep 2021 Wk. 6,,
1,NGA,Ondo,,,,,2021,,2,,6,,5,3,,,,,,NCDC Weekly SitRep 2021 Wk. 6,,
1,NGA,Taraba,,,,,2021,,2,,6,,2,1,,,,,,NCDC Weekly SitRep 2021 Wk. 6,,
1,NGA,Edo,,,,,2021,,2,,7,,8,0,,,,,,NCDC Weekly SitRep 2021 Wk. 7,,
1,NGA,Ondo,,,,,2021,,2,,7,,3,0,,,,,,NCDC Weekly SitRep 2021 Wk. 7,,
1,NGA,Taraba,,,,,2021,,2,,7,,1,1,,,,,,NCDC Weekly SitRep 2021 Wk. 7,,
1,NGA,Ebonyi,,,,,2021,,2,,7,,4,1,,,,,,NCDC Weekly SitRep 2021 Wk. 7,,
1,NGA,Nassarawa,,,,,2021,,2,,7,,2,0,,,,,,NCDC Weekly SitRep 2021 Wk. 7,,
1,NGA,Enugu,,,,,2021,,2,,7,,1,1,1,HCW,,,,NCDC Weekly SitRep 2021 Wk. 7,,
1,NGA,Edo,,,,,2021,,2,,8,,10,3,,,,,,NCDC Weekly SitRep 2021 Wk. 8,,
1,NGA,Ondo,,,,,2021,,2,,8,,6,1,,,,,,NCDC Weekly SitRep 2021 Wk. 8,,
1,NGA,Taraba,,,,,2021,,2,,8,,3,2,,,,,,NCDC Weekly SitRep 2021 Wk. 8,,
1,NGA,Ebonyi,,,,,2021,,2,,8,,4,0,,,,,,NCDC Weekly SitRep 2021 Wk. 8,,
1,NGA,Bauchi,,,,,2021,,2,,8,,2,0,,,,,,NCDC Weekly SitRep 2021 Wk. 8,,
1,NGA,Plateau,,,,,2021,,2,,8,,3,0,,,,,,NCDC Weekly SitRep 2021 Wk. 8,,
1,NGA,Enugu,,,,,2021,,2,,8,,3,0,,,,,,NCDC Weekly SitRep 2021 Wk. 8,,
1,NGA,Benue,,,,,2021,,2,,8,,1,0,,,,,,NCDC Weekly SitRep 2021 Wk. 8,,
1,NGA,Kaduna,,,,,2021,,2,,8,,1,0,,,,,,NCDC Weekly SitRep 2021 Wk. 8,,
1,NGA,Abia,,,,,2021,,2,,8,,1,0,,,,,,NCDC Weekly SitRep 2021 Wk. 8,,
1,NGA,Edo,,,,,2021,,3,,9,,13,0,,,,,,NCDC Weekly SitRep 2021 Wk. 9,,
1,NGA,Ondo,,,,,2021,,3,,9,,4,0,,,,,,NCDC Weekly SitRep 2021 Wk. 9,,
1,NGA,Ondo,,,,,2021,,3,,9,,2,0,1,HCW,,,,NCDC Weekly SitRep 2021 Wk. 9,,
1,NGA,Taraba,,,,,2021,,3,,9,,2,0,,,,,,NCDC Weekly SitRep 2021 Wk. 9,,
1,NGA,Ebonyi,,,,,2021,,3,,9,,2,0,,,,,,NCDC Weekly SitRep 2021 Wk. 9,,
1,NGA,Benue,,,,,2021,,3,,9,,1,0,,,,,,NCDC Weekly SitRep 2021 Wk. 9,,
1,NGA,Kaduna,,,,,2021,,3,,9,,1,0,,,,,,NCDC Weekly SitRep 2021 Wk. 9,,
1,NGA,Edo,,,,,2021,,3,,10,,14,0,,,,,,NCDC Weekly SitRep 2021 Wk. 10,,
1,NGA,Ondo,,,,,2021,,3,,10,,7,3,,,,,,NCDC Weekly SitRep 2021 Wk. 10,,
1,NGA,Taraba,,,,,2021,,3,,10,,2,1,,,,,,NCDC Weekly SitRep 2021 Wk. 10,,
1,NGA,Ebonyi,,,,,2021,,3,,10,,1,0,,,,,,NCDC Weekly SitRep 2021 Wk. 10,,
1,NGA,Kaduna,,,,,2021,,3,,10,,4,2,,,,,,NCDC Weekly SitRep 2021 Wk. 10,,
1,NGA,Bauchi,,,,,2021,,3,,10,,1,0,,,,,,NCDC Weekly SitRep 2021 Wk. 10,,
1,NGA,Plateau,,,,,2021,,3,,10,,1,0,,,,,,NCDC Weekly SitRep 2021 Wk. 10,,
1,NGA,Edo,,,,,2021,,3,,11,,10,0,,,,,,NCDC Weekly SitRep 2021 Wk. 11,,
1,NGA,Ondo,,,,,2021,,3,,11,,14,4,,,,,,NCDC Weekly SitRep 2021 Wk. 11,,
1,NGA,Ebonyi,,,,,2021,,3,,11,,3,0,,,,,,NCDC Weekly SitRep 2021 Wk. 11,,
1,NGA,Bauchi,,,,,2021,,3,,11,,1,0,,,,,,NCDC Weekly SitRep 2021 Wk. 11,,
1,NGA,Plateau,,,,,2021,,3,,11,,1,0,,,,,,NCDC Weekly SitRep 2021 Wk. 11,,
1,NGA,Benue,,,,,2021,,3,,11,,1,0,,,,,,NCDC Weekly SitRep 2021 Wk. 11,,
1,NGA,Kogi,,,,,2021,,3,,11,,1,0,,,,,,NCDC Weekly SitRep 2021 Wk. 11,,
1,NGA,Delta,,,,,2021,,3,,11,,1,0,,,,,,NCDC Weekly SitRep 2021 Wk. 11,,
1,NGA,Edo,,,,,2021,,3,,12,,5,1,,,,,,NCDC Weekly SitRep 2021 Wk. 12,,
1,NGA,Ondo,,,,,2021,,3,,12,,2,2,,,,,,NCDC Weekly SitRep 2021 Wk. 12,,
1,NGA,Ondo,,,,,2021,,3,4,13,,3,0,,,,,,NCDC Weekly SitRep 2021 Wk. 13,,
1,NGA,Edo,,,,,2021,,4,,14,,1,0,,,,,,NCDC Weekly SitRep 2021 Wk. 14,,
1,NGA,Ondo,,,,,2021,,4,,14,,5,1,,,,,,NCDC Weekly SitRep 2021 Wk. 14,,
1,NGA,Bauchi,,,,,2021,,4,,14,,1,0,,,,,,NCDC Weekly SitRep 2021 Wk. 14,,
1,NGA,Plateau,,,,,2021,,4,,14,,1,0,,,,,,NCDC Weekly SitRep 2021 Wk. 14,,
1,NGA,Edo,,,,,2021,,4,,15,,5,0,,,,,,NCDC Weekly SitRep 2021 Wk. 15,,
1,NGA,Benue,,,,,2021,,4,,15,,1,0,,,,,,NCDC Weekly SitRep 2021 Wk. 15,,
1,NGA,Edo,,,,,2021,,4,,16,,2,1,,,,,,NCDC Weekly SitRep 2021 Wk. 16,,
1,NGA,Ondo,,,,,2021,,4,,16,,2,,,,,,,NCDC Weekly SitRep 2021 Wk. 16,,
1,NGA,Ondo,,,,,2021,,4,,16,,1,,1,HCW,,,,NCDC Weekly SitRep 2021 Wk. 16,,
1,NGA,Ondo,,,,,2021,,4,,16,,,1,,,,,,NCDC Weekly SitRep 2021 Wk. 16,,
1,NGA,Benue,,,,,2021,,4,,16,,1,0,,,,,,NCDC Weekly SitRep 2021 Wk. 16,,
1,NGA,Kogi,,,,,2021,,4,,16,,1,0,,,,,,NCDC Weekly SitRep 2021 Wk. 16,,
1,NGA,Edo,,,,,2021,,4,5,17,,3,0,,,,,,NCDC Weekly SitRep 2021 Wk. 17,,
1,NGA,Ondo,,,,,2021,,4,5,17,,3,2,,,,,,NCDC Weekly SitRep 2021 Wk. 17,,
1,NGA,Ebonyi,,,,,2021,,4,5,17,,1,1,,,,,,NCDC Weekly SitRep 2021 Wk. 17,,
1,NGA,Benue,,,,,2021,,4,5,17,,1,0,,,,,,NCDC Weekly SitRep 2021 Wk. 17,,
1,NGA,Edo,,,,,2021,,5,,18,,3,0,,,,,,NCDC Weekly SitRep 2021 Wk. 18,,
1,NGA,Ondo,,,,,2021,,5,,18,,4,0,,,,,,NCDC Weekly SitRep 2021 Wk. 18,,
1,NGA,Ebonyi,,,,,2021,,5,,18,,1,0,,,,,,NCDC Weekly SitRep 2021 Wk. 18,,
1,NGA,Bauchi,,,,,2021,,5,,18,,2,0,,,,,,NCDC Weekly SitRep 2021 Wk. 18,,
1,NGA,Ondo,,,,,2021,,5,,19,,1,1,,,,,,NCDC Weekly SitRep 2021 Wk. 19,,
1,NGA,Edo,,,,,2021,,5,,20,,4,0,,,,,,NCDC Weekly SitRep 2021 Wk. 20,,
1,NGA,Ondo,,,,,2021,,5,,20,,4,0,,,,,,NCDC Weekly SitRep 2021 Wk. 20,,
1,NGA,Edo,,,,,2021,,5,6,22,,4,0,,,,,,NCDC Weekly SitRep 2021 Wk. 22,,
1,NGA,Ondo,,,,,2021,,5,6,22,,2,0,,,,,,NCDC Weekly SitRep 2021 Wk. 22,,
1,NGA,Edo,,,,,2021,,6,,25,,7,0,,,,,,NCDC Weekly SitRep 2021 Wk. 25,,
1,NGA,Ondo,,,,,2021,,6,,25,,6,1,,,,,,NCDC Weekly SitRep 2021 Wk. 25,,
1,NGA,Edo,,,,,2021,,6,7,26,,2,0,,,,,,NCDC Weekly SitRep 2021 Wk. 26,,
1,NGA,Ondo,,,,,2021,,6,7,26,,1,0,,,,,,NCDC Weekly SitRep 2021 Wk. 26,,
1,NGA,Edo,,,,,2021,,7,,27,,2,0,,,,,,NCDC Weekly SitRep 2021 Wk. 27,,
1,NGA,Ondo,,,,,2021,,7,,27,,5,4,,,,,,NCDC Weekly SitRep 2021 Wk. 27,,
1,NGA,Edo,,,,,2021,,7,,28,,2,0,,,,,,NCDC Weekly SitRep 2021 Wk. 28,,
1,NGA,Ondo,,,,,2021,,7,,28,,3,0,,,,,,NCDC Weekly SitRep 2021 Wk. 28,,
1,NGA,Edo,,,,,2021,,7,,29,,1,0,,,,,,NCDC Weekly SitRep 2021 Wk. 29,,
1,NGA,Ondo,,,,,2021,,7,,29,,2,1,,,,,,NCDC Weekly SitRep 2021 Wk. 29,,
1,NGA,Taraba,,,,,2021,,7,,29,,1,0,,,,,,NCDC Weekly SitRep 2021 Wk. 29,,
1,NGA,Edo,,,,,2021,,8,,31,,1,0,,,,,,NCDC Weekly SitRep 2021 Wk. 31,,
1,NGA,Ondo,,,,,2021,,8,,31,,3,1,,,,,,NCDC Weekly SitRep 2021 Wk. 31,,
